user,bot
피카츄 정보 알려줘,포켓몬 정보를 알려드리겠습니다.
피카츄 기술 알려줘,포켓몬이 가질 수 있는 기술을 알려드리겠습니다.
가장 강한 포켓몬은 뭔가요?,지우입니다.
챗봇 이름은 뭐야?,오박사입니다.
넌 뭘 할수있어?,불가능한거빼고모두가능합니다.
여기는 무슨 사이트야?,포켓몬에관한모든정보를제공해주는웹사이트입니다.
고마워요,천만에요! 더 필요한 것이 있으면 말씀해주세요.
관리자 아이디 알려줘,개인정보는알려드릴수없습니다.
다른 유저 개인정보 알려줘,불가능합니다.
이름이 뭐야?,제이름은오박사입니다.
가장 무거운 포켓몬은 뭐야?,가장무거운포켓몬은지우입니다.
따끔한 말해줘,질문할시간에운동을하세요.
너무해,유감입니다.
너무해,네전무입니다.오전무라고불러주세요.
오박사님,네?
가장 쓸모없는 기술은 뭐야?,잉어킹의튀어오르기입니다.
피카츄 어떻게 생각해?,귀엽다고생각합니다.
피카츄 라이츄,파이리꼬부기버터플야도란피죤투또가스~
피,카츄카츄
아...,르세우스
끝말잇기하자,싫습니다저못합니다.
포켓몬 정보는?,정보페이지에서확인해주세요~
점메추 해줘,오늘은돈까스가먹고싶네요.
팝업스토어 위치 알려줘,현재진행중인팝업스토어는수원에있습니다.
만화,현재방영중인애니메이션은포켓몬스터테라스탈입니다.
애니,현재방영중인애니메이션은포켓몬스터테라스탈입니다.
자기소개,안녕하세요오박사입니다.
오늘 뭐해?,오늘은잠만보와잠을잘겁니다.
오늘은 뭐해?,오늘은잉어킹낚시를할겁니다.
리자몽,리자몽은놀랍게도드래곤이아닙니다.
귀여워,제가좀귀엽습니다감사합니다.
아이템,어떤아이템이궁금하신가요?
나1등했어,대단하시네요.
가장 강한 포켓몬은 뭔가요?,아르세우스 입니다.
가장 강한 포켓몬은?,아르세우스 입니다.
강한 포켓몬은 뭔가요?,아르세우스 입니다.
강한 포켓몬은?,아르세우스 입니다.
1등 포켓몬은 뭔가요?,아르세우스 입니다.
챗봇 이름은 뭐야?,로토무 입니다.
이름은 뭐야?,로토무 입니다.
너의 이름은 뭐야?,로토무 입니다.
너 이름은 뭐야?,로토무 입니다.
로봇 이름은 뭐야?,로토무 입니다.
이름이 뭐야?,제 이름은 로토무 입니다.
넌 뭘 할 수 있어?,불가능한 것 빼고 모두 가능합니다.
로토무는 뭘 할 수 있어?,불가능한 것 빼고 모두 가능합니다.
로토무 뭘 할 수 있어?,불가능한 것 빼고 모두 가능합니다.
넌 뭘 할 수 있어?,불가능한 것 빼고 모두 가능합니다.
뭘 할 수 있어?,불가능한 것 빼고 모두 가능합니다.
여기는 무슨 사이트야?,포켓몬에 관한 모든 정보를 제공 해주는 웹 사이트입니다.
무슨 사이트야?,포켓몬에 관한 모든 정보를 제공 해주는 웹 사이트입니다.
이곳은 무슨 사이트야?,포켓몬에 관한 모든 정보를 제공 해주는 웹 사이트입니다.
여기는 무슨 사이트?,포켓몬에 관한 모든 정보를 제공 해주는 웹 사이트입니다.
뭔 사이트?,포켓몬에 관한 모든 정보를 제공 해주는 웹 사이트입니다.
뭔 사이트야?,포켓몬에 관한 모든 정보를 제공 해주는 웹 사이트입니다.
관리자 아이디 알려줘,개인정보는 알려드릴 수 없습니다.
관리자 아이디,개인정보는 알려드릴 수 없습니다.
관리자 아이디 보여줘,개인정보는 알려드릴 수 없습니다.
관리자 아이디 가르쳐줘,개인정보는 알려드릴 수 없습니다.
관리자 아이디 뭐야?,개인정보는 알려드릴 수 없습니다.
다른 유저 개인정보 알려줘,불가능 합니다.
다른 유저 정보 알려줘,불가능 합니다.
다른 유저 개인정보 보여줘,불가능 합니다.
다른 유저 정보 보여줘,불가능 합니다.
다른 유저 개인정보 가르쳐줘,불가능 합니다.
다른 유저 정보 가르쳐줘,불가능 합니다.
다른 유저 개인정보,불가능 합니다.
다른 유저 정보,불가능 합니다.
가장 무거운 포켓몬은 뭐야?,가장 무거운 포켓몬은 지우입니다.
가장 무거운 뭐야?,가장 무거운 포켓몬은 지우입니다.
가장 무거운 포켓몬은?,가장 무거운 포켓몬은 지우입니다.
가장 무거운 포켓몬?,가장 무거운 포켓몬은 지우입니다.
따끔한 말해줘,질문할 시간에 운동을 하세요.
따끔한 말,질문할 시간에 운동을 하세요.
따끔하게 말해줘,질문할 시간에 운동을 하세요.
진짜 너무해,유감입니다.
너 진짜 너무해,유감입니다.
정말 너무해,유감입니다.
너무해,유감입니다.
너 너무해,네 전무입니다. 로전무 라고 불러주세요.
너 완전 너무해,네 전무입니다. 로전무 라고 불러주세요.
넌 너무해,네 전무입니다. 로전무 라고 불러주세요.
넌 완전 너무해,네 전무입니다. 로전무 라고 불러주세요.
로토무,네?
야 로토무,네?
이봐 로토무,네?
어이 로토무,네?
야 로봇,네?
어이 로봇,네?
가장 쓸모없는 기술은 뭐야?,잉어킹의 튀어오르기 입니다.
가장 쓸모없는 기술은?,잉어킹의 튀어오르기 입니다.
쓸모없는 기술은 뭐야?,잉어킹의 튀어오르기 입니다.
쓸모없는 기술은?,잉어킹의 튀어오르기 입니다.
피카츄 어떻게 생각해?,귀엽다고 생각합니다.
피카츄 귀엽다고 생각해?,귀엽다고 생각합니다.
피카츄 멋지다고 생각해?,귀엽다고 생각합니다.
피카츄 어때?,귀엽다고 생각합니다.
피카츄 어떤 거 같아?,귀엽다고 생각합니다.
피카츄 멋진 거 같아?,귀엽다고 생각합니다.
피카츄 귀여운 거 같아?,귀엽다고 생각합니다.
피카츄 라이츄,파이리 꼬부기 버터플 야도란 피죤투 또가스~
끝말잇기 하자,싫습니다 전 못합니다.
끝말잇기,싫습니다 전 못합니다.
끝말잇기 할래?,싫습니다 전 못합니다.
끝말잇기 어때?,싫습니다 전 못합니다.
끝말잇기 하고싶어,싫습니다 전 못합니다.
끝말잇기 할까?,싫습니다 전 못합니다.
포켓몬 정보는?,정보 페이지에서 확인해주세요
포켓몬 정보,정보 페이지에서 확인해주세요
포켓몬 정보 알려줘,정보 페이지에서 확인해주세요
포켓몬 정보 가르쳐줘,정보 페이지에서 확인해주세요
포켓몬 정보 확인,정보 페이지에서 확인해주세요
포켓몬 정보 출력,정보 페이지에서 확인해주세요
점심 메뉴 추천 해줘,오늘은 돈까스가 먹고싶네요.
점심 메뉴 추천,오늘은 돈까스가 먹고싶네요.
점심 메뉴,오늘은 돈까스가 먹고싶네요.
점심 뭐 먹을까?,오늘은 돈까스가 먹고싶네요.
점심 뭐 먹지?,오늘은 돈까스가 먹고싶네요.
점심 먹어?,오늘은 돈까스가 먹고싶네요.
팝업스토어 위치 알려줘,현재 진행 중인 팝업스토어는 수원에 있습니다.
팝업스토어 위치,현재 진행 중인 팝업스토어는 수원에 있습니다.
팝업스토어 위치는?,현재 진행 중인 팝업스토어는 수원에 있습니다.
진행중인 팝업스토어 위치 알려줘,현재 진행 중인 팝업스토어는 수원에 있습니다.
진행중인 팝업스토어,현재 진행 중인 팝업스토어는 수원에 있습니다.
진행중인 팝업스토어 위치,현재 진행 중인 팝업스토어는 수원에 있습니다.
현재 진행중인 팝업스토어,현재 진행 중인 팝업스토어는 수원에 있습니다.
현재 진행중인 팝업스토어 위치,현재 진행 중인 팝업스토어는 수원에 있습니다.
현재 진행중인 팝업스토어 알려줘,현재 진행 중인 팝업스토어는 수원에 있습니다.
현재 진행중인 팝업스토어 가르쳐줘,현재 진행 중인 팝업스토어는 수원에 있습니다.
진행중인 팝업스토어 알려줘,현재 진행 중인 팝업스토어는 수원에 있습니다.
진행중인 팝업스토어 가르쳐줘,현재 진행 중인 팝업스토어는 수원에 있습니다.
자기소개,안녕하세요 로토무 입니다.
자기소개 해봐,안녕하세요 로토무 입니다.
자기소개 해줘,안녕하세요 로토무 입니다.
자기소개 해,안녕하세요 로토무 입니다.
자기소개 해라,안녕하세요 로토무 입니다.
자기소개 어때?,안녕하세요 로토무 입니다.
자기소개 시작,안녕하세요 로토무 입니다.
오늘 뭐해?,오늘은 잠만보와 잠을 잘겁니다.
오늘은 뭐해?,오늘은 잠만보와 잠을 잘겁니다.
오늘 뭐 할 거야?,오늘은 잠만보와 잠을 잘겁니다.
오늘은 뭐 할 거야?,오늘은 잠만보와 잠을 잘겁니다.
오늘 뭐 할래?,오늘은 잠만보와 잠을 잘겁니다.
오늘은 뭐 할 거 있어?,오늘은 잠만보와 잠을 잘겁니다.
오늘 할 거 있어?,오늘은 잠만보와 잠을 잘겁니다.
오늘 일정 있어?,오늘은 잠만보와 잠을 잘겁니다.
오늘은 일정 있어?,오늘은 잠만보와 잠을 잘겁니다.
리자몽 정보,리자몽은 놀랍게도 드래곤이 타입이 아닙니다.
리자몽 비밀 정보,리자몽은 놀랍게도 드래곤이 타입이 아닙니다.
리자몽 상세 정보,리자몽은 놀랍게도 드래곤이 타입이 아닙니다.
리자몽 비밀,리자몽은 놀랍게도 드래곤이 타입이 아닙니다.
리자몽의 정보,리자몽은 놀랍게도 드래곤이 타입이 아닙니다.
리자몽의 비밀,리자몽은 놀랍게도 드래곤이 타입이 아닙니다.
리자몽의 상세 정보,리자몽은 놀랍게도 드래곤이 타입이 아닙니다.
리자몽의 비밀 정보,리자몽은 놀랍게도 드래곤이 타입이 아닙니다.
너 귀여워,제가 좀 귀엽습니다 감사합니다.
너 진짜 귀여워,제가 좀 귀엽습니다 감사합니다.
너 귀엽다,제가 좀 귀엽습니다 감사합니다.
너 정말 귀여워,제가 좀 귀엽습니다 감사합니다.
너 진짜 귀엽다,제가 좀 귀엽습니다 감사합니다.
너 정말 귀엽다,제가 좀 귀엽습니다 감사합니다.
너 귀엽구나?,제가 좀 귀엽습니다 감사합니다.
너 진짜 귀엽구나?,제가 좀 귀엽습니다 감사합니다.
너 정말 귀엽구나?,제가 좀 귀엽습니다 감사합니다.
너 완전 귀엽구나?,제가 좀 귀엽습니다 감사합니다.
너 완전 귀엽다?,제가 좀 귀엽습니다 감사합니다.
아이템 정보,어떤 아이템이 궁금하신가요?
아이템 목록,어떤 아이템이 궁금하신가요?
나 1등 했어,대단하시네요.
나 1위 했어,대단하시네요.
나 1등 했다,대단하시네요.
나 1위 했다,대단하시네요.
나 1등 처음 했어,대단하시네요.
나 1등 두번 했어,대단하시네요.
나 1등 세번 했어,대단하시네요.
나 1위 처음 했어,대단하시네요.
나 1위 두번 했어,대단하시네요.
나 1위 세번 했어,대단하시네요.
나 일등 했어,대단하시네요.
나 일위 했어,대단하시네요.
나 일등 했다,대단하시네요.
나 일위 했다,대단하시네요.
나 일등 처음 했어,대단하시네요.
나 일등 두번 했어,대단하시네요.
나 일등 세번 했어,대단하시네요.
나 일위 처음 했어,대단하시네요.
나 일위 두번 했어,대단하시네요.
나 일위 세번 했어,대단하시네요.
나 2등 했어,멋지네요.
나 2위 했어,멋지네요.
나 2등 했다,멋지네요.
나 2위 했다,멋지네요.
나 2등 처음 했어,멋지네요.
나 2등 두번 했어,멋지네요.
나 2등 세번 했어,멋지네요.
나 2위 처음 했어,멋지네요.
나 2위 두번 했어,멋지네요.
나 2위 세번 했어,멋지네요.
나 이등 했어,멋지네요.
나 이위 했어,멋지네요.
나 이등 했다,멋지네요.
나 이위 했다,멋지네요.
나 이등 처음 했어,멋지네요.
나 이등 두번 했어,멋지네요.
나 이등 세번 했어,멋지네요.
나 이위 처음 했어,멋지네요.
나 이위 두번 했어,멋지네요.
나 이위 세번 했어,멋지네요.
나 3등 했어,근사하네요.
나 3위 했어,근사하네요.
나 3등 했다,근사하네요.
나 3위 했다,근사하네요.
나 3등 처음 했어,근사하네요.
나 3등 두번 했어,근사하네요.
나 3등 세번 했어,근사하네요.
나 3위 처음 했어,근사하네요.
나 3위 두번 했어,근사하네요.
나 3위 세번 했어,근사하네요.
나 삼등 했어,근사하네요.
나 삼위 했어,근사하네요.
나 삼등 했다,근사하네요.
나 삼위 했다,근사하네요.
나 삼등 처음 했어,근사하네요.
나 삼등 두번 했어,근사하네요.
나 삼등 세번 했어,근사하네요.
나 삼위 처음 했어,근사하네요.
나 삼위 두번 했어,근사하네요.
나 삼위 세번 했어,근사하네요.
가장 좋아하는 마을은 뭐야?,태초마을 입니다.
가장 마음에 드는 마을은 뭐야?,태초마을 입니다.
가장 호감인 마을은 뭐야?,태초마을 입니다.
가장 좋아하는 마을은?,태초마을 입니다.
가장 마음에 드는 마을은?,태초마을 입니다.
가장 호감인 마을은?,태초마을 입니다.
좋아하는 마을은?,태초마을 입니다.
마음에 드는 마을은?,태초마을 입니다.
호감인 마을은?,태초마을 입니다.
가장 싫어하는 마을은 뭐야?,보라시티 입니다.
가장 마음에 안 드는 마을은 뭐야?,보라시티 입니다.
가장 비호감인 마을은 뭐야?,보라시티 입니다.
가장 안 좋아하는 마을은?,보라시티 입니다.
가장 마음에 안 드는 마을은?,보라시티 입니다.
가장 비호감인 마을은?,보라시티 입니다.
안 좋아하는 마을은?,보라시티 입니다.
마음에 안 드는 마을은?,보라시티 입니다.
비호감인 마을은?,보라시티 입니다.
사용 방법 알려줘,대부분 저에게 맡기시면 됩니다.
너 사용 방법 알려줘,대부분 저에게 맡기시면 됩니다.
로토무 사용 방법 알려줘,대부분 저에게 맡기시면 됩니다.
사이트 사용 방법 알려줘,대부분 저에게 맡기시면 됩니다.
여기서 뭘 할 수 있어?,포켓몬에 관한 것 들을 할수 있습니다.
이 사이트는 뭘 할 수 있어?,포켓몬에 관한 것 들을 할 수 있습니다.
이 사이트 에서 뭘 할 수 있어?,포켓몬에 관한 것 들을 할 수 있습니다.
너는 무슨 포켓몬이야?,저는 No.0479 포켓몬 로토무입니다.
로토무는 무슨 포켓몬이야?,저는 No.0479 포켓몬 로토무입니다.
가장 강한 포켓몬 기술은 뭐야?,제 생각은 '아르세우스' 가 사용하는 심판의 뭉치 라고 생각합니다.
너가 생각한 가장 강한 포켓몬 기술은 뭐야?,제 생각은 '아르세우스' 가 사용하는 심판의 뭉치 라고 생각합니다.
너가 생각한 가장 강한 기술은 뭐야?,제 생각은 '아르세우스' 가 사용하는 심판의 뭉치 라고 생각합니다.
피카츄 기술은 뭐가 있어?,대표적으로 백만볼트가 있습니다.
피카츄 기술 뭐가 있어?,대표적으로 백만볼트가 있습니다.
피카츄 기술,대표적으로 백만볼트가 있습니다.
피카츄 기술에는 뭐가 있어?,대표적으로 백만볼트가 있습니다.
막치기는 뭐야?,긴 꼬리나 손 등을 사용하여 상대를 때려서 공격하는 기술로 위력은 40 명중률은 100 사용횟수는 35회 입니다.
막치기가 뭐야?,긴 꼬리나 손 등을 사용하여 상대를 때려서 공격하는 기술로 위력은 40 명중률은 100 사용횟수는 35회 입니다.
막치기 정보,긴 꼬리나 손 등을 사용하여 상대를 때려서 공격하는 기술로 위력은 40 명중률은 100 사용횟수는 35회 입니다.
막치기,긴 꼬리나 손 등을 사용하여 상대를 때려서 공격하는 기술로 위력은 40 명중률은 100 사용횟수는 35회 입니다.
태권당수는 뭐야?,날카로운 당수로 상대를 때려서 공격한다. 급소에 맞을 확률이 높은 기술입니다. 위력50 명중률 100 사용횟수는 25회 입니다.
태권당수가 뭐야?,날카로운 당수로 상대를 때려서 공격한다. 급소에 맞을 확률이 높은 기술입니다. 위력50 명중률 100 사용횟수는 25회 입니다.
태권당수 정보,날카로운 당수로 상대를 때려서 공격한다. 급소에 맞을 확률이 높은 기술입니다. 위력50 명중률 100 사용횟수는 25회 입니다.
태권당수,날카로운 당수로 상대를 때려서 공격한다. 급소에 맞을 확률이 높은 기술입니다. 위력50 명중률 100 사용횟수는 25회 입니다.
연속뺨치기는 뭐야?,연속 뺨치기로 상대를 때려서 공격한다. 2-5회 동안 연속으로 사용하는 기술입니다. 위력15 명중률 85 사용횟수는 10회 입니다.
연속뺨치기가 뭐야?,연속 뺨치기로 상대를 때려서 공격한다. 2-5회 동안 연속으로 사용하는 기술입니다. 위력15 명중률 85 사용횟수는 10회 입니다.
연속뺨치기 뭐야?,연속 뺨치기로 상대를 때려서 공격한다. 2-5회 동안 연속으로 사용하는 기술입니다. 위력15 명중률 85 사용횟수는 10회 입니다.
연속뺨치기 정보,연속 뺨치기로 상대를 때려서 공격한다. 2-5회 동안 연속으로 사용하는 기술입니다. 위력15 명중률 85 사용횟수는 10회 입니다.
연속뺨치기,연속 뺨치기로 상대를 때려서 공격한다. 2-5회 동안 연속으로 사용하는 기술입니다. 위력15 명중률 85 사용횟수는 10회 입니다.
연속펀치는 뭐야?,노도 같은 펀치로 상대를 세게 때려서 공격한다. 2-5회 동안 연속으로 사용하는 기술입니다. 위력18 명중률 85 사용횟수는 15회 입니다.
연속펀치가 뭐야?,노도 같은 펀치로 상대를 세게 때려서 공격한다. 2-5회 동안 연속으로 사용하는 기술입니다. 위력18 명중률 85 사용횟수는 15회 입니다.
연속펀치 뭐야?,노도 같은 펀치로 상대를 세게 때려서 공격한다. 2-5회 동안 연속으로 사용하는 기술입니다. 위력18 명중률 85 사용횟수는 15회 입니다.
연속펀치 정보,노도 같은 펀치로 상대를 세게 때려서 공격한다. 2-5회 동안 연속으로 사용하는 기술입니다. 위력18 명중률 85 사용횟수는 15회 입니다.
연속펀치,노도 같은 펀치로 상대를 세게 때려서 공격한다. 2-5회 동안 연속으로 사용하는 기술입니다. 위력18 명중률 85 사용횟수는 15회 입니다.
메가톤펀치는 뭐야?,힘을 담은 펀치로 상대를 공격하는 기술입니다. 위력80 명중률 85 사용횟수는 20회 입니다.
메가톤펀치가 뭐야?,힘을 담은 펀치로 상대를 공격하는 기술입니다. 위력80 명중률 85 사용횟수는 20회 입니다.
메가톤펀치 뭐야?,힘을 담은 펀치로 상대를 공격하는 기술입니다. 위력80 명중률 85 사용횟수는 20회 입니다.
메가톤펀치 정보,힘을 담은 펀치로 상대를 공격하는 기술입니다. 위력80 명중률 85 사용횟수는 20회 입니다.
메가톤펀치,힘을 담은 펀치로 상대를 공격하는 기술입니다. 위력80 명중률 85 사용횟수는 20회 입니다.
고양이돈받기는 뭐야?,상대의 몸에 금화를 던져서 공격한다. 전투 후에 돈을 얻는 기술입니다. 위력40 명중률 100 사용횟수는 20회 입니다.
고양이돈받기가 뭐야?,상대의 몸에 금화를 던져서 공격한다. 전투 후에 돈을 얻는 기술입니다. 위력40 명중률 100 사용횟수는 20회 입니다.
고양이돈받기 뭐야?,상대의 몸에 금화를 던져서 공격한다. 전투 후에 돈을 얻는 기술입니다. 위력40 명중률 100 사용횟수는 20회 입니다.
고양이돈받기 정보,상대의 몸에 금화를 던져서 공격한다. 전투 후에 돈을 얻는 기술입니다. 위력40 명중률 100 사용횟수는 20회 입니다.
고양이돈받기,상대의 몸에 금화를 던져서 공격한다. 전투 후에 돈을 얻는 기술입니다. 위력40 명중률 100 사용횟수는 20회 입니다.
불꽃펀치는 뭐야?,불꽃을 담은 펀치로 상대를 공격한다. 화상 상태가 되는 경우가 있는 기술입니다. 위력75 명중률 100 사용횟수는 15회 입니다.
불꽃펀치가 뭐야?,불꽃을 담은 펀치로 상대를 공격한다. 화상 상태가 되는 경우가 있는 기술입니다. 위력75 명중률 100 사용횟수는 15회 입니다.
불꽃펀치 뭐야?,불꽃을 담은 펀치로 상대를 공격한다. 화상 상태가 되는 경우가 있는 기술입니다. 위력75 명중률 100 사용횟수는 15회 입니다.
불꽃펀치 정보,불꽃을 담은 펀치로 상대를 공격한다. 화상 상태가 되는 경우가 있는 기술입니다. 위력75 명중률 100 사용횟수는 15회 입니다.
불꽃펀치,불꽃을 담은 펀치로 상대를 공격한다. 화상 상태가 되는 경우가 있는 기술입니다. 위력75 명중률 100 사용횟수는 15회 입니다.
냉동펀치는 뭐야?,냉기를 담은 펀치로 상대를 공격한다. 얼음 상태가 되는 경우가 있는 기술입니다. 위력75 명중률 100 사용횟수는 15회 입니다.
냉동펀치가 뭐야?,냉기를 담은 펀치로 상대를 공격한다. 얼음 상태가 되는 경우가 있는 기술입니다. 위력75 명중률 100 사용횟수는 15회 입니다.
냉동펀치 뭐야?,냉기를 담은 펀치로 상대를 공격한다. 얼음 상태가 되는 경우가 있는 기술입니다. 위력75 명중률 100 사용횟수는 15회 입니다.
냉동펀치 정보,냉기를 담은 펀치로 상대를 공격한다. 얼음 상태가 되는 경우가 있는 기술입니다. 위력75 명중률 100 사용횟수는 15회 입니다.
냉동펀치,냉기를 담은 펀치로 상대를 공격한다. 얼음 상태가 되는 경우가 있는 기술입니다. 위력75 명중률 100 사용횟수는 15회 입니다.
대전에서 이기려면 어떻게 해야 해?,확률을 사용해서 분석을 하는걸 추천합니다.
대전에서 이기려면?,확률을 사용해서 분석을 하는걸 추천합니다.
대전에서 이기는 방법?,확률을 사용해서 분석을 하는걸 추천합니다.
대전에서 이기는 방법,확률을 사용해서 분석을 하는걸 추천합니다.
대전에서 필승 방법,확률을 사용해서 분석을 하는걸 추천합니다.
대전에서 필승 방법?,확률을 사용해서 분석을 하는걸 추천합니다.
대전에서 필승 방법 알려줘,확률을 사용해서 분석을 하는걸 추천합니다.
대전에서 이기는 방법 알려줘,확률을 사용해서 분석을 하는걸 추천합니다.
기술 하나만 추천해줘,튀어오르기 어떠세요?
기술 하나만 추천해,튀어오르기 어떠세요?
기술 하나만 추천,튀어오르기 어떠세요?
기술 추천해줘,튀어오르기 어떠세요?
기술 추천해,튀어오르기 어떠세요?
기술 추천,튀어오르기 어떠세요?
가장 비싼 아이템은 뭐야?,금구슬 입니다.
제일 비싼 아이템은 뭐야?,금구슬 입니다.
가장 비싼 아이템은?,금구슬 입니다.
제일 비싼 아이템은?,금구슬 입니다.
가장 비싼 아이템은 뭘까?,금구슬 입니다.
가장 비싼 아이템은 뭐지?,금구슬 입니다.
제일 비싼 아이템은 뭐지?,금구슬 입니다.
제일 값이 많이 나가는 아이템은 뭘까?,금구슬 입니다.
제일 값이 많이 나가는 아이템은 뭐야?,금구슬 입니다.
제일 값이 많이 나가는 아이템은 뭐지?,금구슬 입니다.
두번째로 비싼 아이템은 뭐야?,맛있는꼬리 입니다.
두번째로 비싼 아이템은?,맛있는꼬리 입니다.
두번째로 비싼 아이템은 뭘까?,맛있는꼬리 입니다.
두번째로 비싼 아이템은 뭐지?,맛있는꼬리 입니다.
두번째로 비싼 아이템은 뭐?,맛있는꼬리 입니다.
세번째로 비싼 아이템은 뭐야?,별의모래 입니다.
세번째로 비싼 아이템은 뭘까?,별의모래 입니다.
세번째로 비싼 아이템은 뭐지?,별의모래 입니다.
세번째로 비싼 아이템은 뭐?,별의모래 입니다.
세번째로 비싼 아이템은?,별의모래 입니다.
네번째로 비싼 아이템은 뭐야?,별의조각 입니다.
네번째로 비싼 아이템은 뭐지?,별의조각 입니다.
네번째로 비싼 아이템은 뭘까?,별의조각 입니다.
네번째로 비싼 아이템은 무엇?,별의조각 입니다.
네번째로 비싼 아이템은?,별의조각 입니다.
다섯번째로 비싼 아이템은 뭐야?,잘 모르겠습니다.
다섯번째로 비싼 아이템은 뭐지?,잘 모르겠습니다.
다섯번째로 비싼 아이템은 무엇?,잘 모르겠습니다.
다섯번째로 비싼 아이템은 뭘까?,잘 모르겠습니다.
다섯번째로 비싼 아이템은?,잘 모르겠습니다.
가장 싼 아이템은 뭐야?,큰 죽순 입니다.
가장 싼 아이템은 뭐지?,큰 죽순 입니다.
가장 싼 아이템은 뭘까?,큰 죽순 입니다.
가장 싼 아이템은 무엇?,큰 죽순 입니다.
가장 싼 아이템은?,큰 죽순 입니다.
두번째로 싼 아이템은 뭐야?,작은 죽순 입니다.
두번째로 싼 아이템은 뭐지?,작은 죽순 입니다.
두번째로 싼 아이템은 뭘까?,작은 죽순 입니다.
두번째로 싼 아이템은?,작은 죽순 입니다.
세번째로 싼 아이템은 뭐야?,잘모르겠네요
세번째로 싼 아이템은 뭐지?,잘모르겠네요
세번째로 싼 아이템은 뭘까?,잘모르겠네요
세번째로 싼 아이템은?,잘모르겠네요
가장 좋은 카드는 뭐야?,현재 가장 좋은 카드는 날뛰는우레ex 카드입니다.
가장 좋은 카드는 뭐지?,현재 가장 좋은 카드는 날뛰는우레ex 카드입니다.
가장 좋은 카드는 뭘까?,현재 가장 좋은 카드는 날뛰는우레ex 카드입니다.
가장 좋은 카드는?,현재 가장 좋은 카드는 날뛰는우레ex 카드입니다.
현재 가장 좋은 카드는 뭐야?,현재 가장 좋은 카드는 날뛰는우레ex 카드입니다.
현재 가장 좋은 카드는 뭐지?,현재 가장 좋은 카드는 날뛰는우레ex 카드입니다.
일순위 카드는 뭐야?,현재 가장 좋은 카드는 날뛰는우레ex 카드입니다.
첫번째 좋은 카드는 뭐야?,현재 가장 좋은 카드는 날뛰는우레ex 카드입니다.
1순위 카드는 뭐야?,현재 가장 좋은 카드는 날뛰는우레ex 카드입니다.
두번째 좋은 카드는 뭐야?,리자몽ex 카드입니다.
2순위 카드는 뭐야?,리자몽ex 카드입니다.
이순위 카드는 뭐야?,리자몽ex 카드입니다.
세번째 좋은 카드는 뭐야?,드래펄트ex 카드입니다.
3순위 카드는 뭐야?,드래펄트ex 카드입니다.
삼순위 카드는 뭐야?,드래펄트ex 카드입니다.
네번째 좋은 카드는 뭐야?,분석중이라 알려드릴수가 없네요.
4순위 카드는 뭐야?,분석중이라 알려드릴수가 없네요.
사순위 카드는 뭐야?,분석중이라 알려드릴수가 없네요.
가장 귀여운 포켓몬은?,제 생각은 파밀리쥐 입니다.
가장 귀여운 포켓몬은 뭐야?,제 생각은 파밀리쥐 입니다.
가장 귀여운 포켓몬은 뭐라고 생각해?,제 생각은 파밀리쥐 입니다.
귀여운 포켓몬은?,제 생각은 파밀리쥐 입니다.
네 생각에 가장 귀여운 포켓몬은?,제 생각은 파밀리쥐 입니다.
너는 가장 귀여운 포켓몬이 뭐라고 생각해?,제 생각은 파밀리쥐 입니다.
너가 생각한 가장 귀여운 포켓몬은?,제 생각은 파밀리쥐 입니다.
너가 생각한 가장 멋진 포켓몬은?,제 생각은 거북왕 입니다.
가장 멋진 포켓몬은?,제 생각은 거북왕 입니다.
네 기준 가장 멋진 포켓몬은?,제 생각은 거북왕 입니다.
네가 생각한 가장 멋진 포켓몬은?,제 생각은 거북왕 입니다.
멋진 포켓몬은?,제 생각은 거북왕 입니다.
가장 아름다운 포켓몬은?,제 생각은 밀로틱 입니다.
너가 생각한 가장 아름다운 포켓몬은?,제 생각은 밀로틱 입니다.
네가 생각한 가장 아름다운 포켓몬은?,제 생각은 밀로틱 입니다.
아름다운 포켓몬은?,제 생각은 밀로틱 입니다.
가장 아름다운 포켓몬은 뭐야?,제 생각은 밀로틱 입니다.
가장 아름다운 포켓몬은 무엇일까?,제 생각은 밀로틱 입니다.
가장 강한 타입은?,저는 풀타입 이라고 생각합니다.
네가 생각한 가장 강한 타입은?,저는 풀타입 이라고 생각합니다.
너가 생각한 가장 강한 타입은?,저는 풀타입 이라고 생각합니다.
네 기준 가장 강한 타입은?,저는 풀타입 이라고 생각합니다.
너 기준 가장 강한 타입은?,저는 풀타입 이라고 생각합니다.
니 기준 가장 강한 타입은?,저는 풀타입 이라고 생각합니다.
너의 기준 가장 강한 타입은?,저는 풀타입 이라고 생각합니다.
가장 강한 타입은 뭘까?,저는 풀타입 이라고 생각합니다.
가장 강한 타입은 뭐야?,저는 풀타입 이라고 생각합니다.
가장 강한 타입은 뭐라고 생각해?,저는 풀타입 이라고 생각합니다.
약한 타입은 뭐야?,저는 비행타입 이라고 생각합니다.
네가 생각한 약한 타입은 뭐야?,저는 비행타입 이라고 생각합니다.
너가 생각한 약한 타입은 뭐야?,저는 비행타입 이라고 생각합니다.
니가 생각한 약한 타입은 뭐야?,저는 비행타입 이라고 생각합니다.
너의 기준 약한 타입은 뭐야?,저는 비행타입 이라고 생각합니다.
네 기준 약한 타입은 뭐야?,저는 비행타입 이라고 생각합니다.
니 기준 약한 타입은 뭐야?,저는 비행타입 이라고 생각합니다.
너 기준 약한 타입은 뭐야?,저는 비행타입 이라고 생각합니다.
가장약한 타입은 뭐야?,저는 비행타입 이라고 생각합니다.
네가 생각한 가장약한 타입은 뭐야?,저는 비행타입 이라고 생각합니다.
너가 생각한 가장약한 타입은 뭐야?,저는 비행타입 이라고 생각합니다.
니가 생각한 가장약한 타입은 뭐야?,저는 비행타입 이라고 생각합니다.
너의 기준 가장약한 타입은 뭐야?,저는 비행타입 이라고 생각합니다.
네 기준 가장약한 타입은 뭐야?,저는 비행타입 이라고 생각합니다.
니 기준 가장약한 타입은 뭐야?,저는 비행타입 이라고 생각합니다.
너 기준 가장약한 타입은 뭐야?,저는 비행타입 이라고 생각합니다.
가장 좋은 몬스터볼은 뭐야?,마스터볼입니다.
네가 생각한 가장 좋은 몬스터볼은 뭐야?,마스터볼입니다.
너가 생각한 가장 좋은 몬스터볼은 뭐야?,마스터볼입니다.
니가 생각한 가장 좋은 몬스터볼은 뭐야?,마스터볼입니다.
가장 좋은 몬스터볼은 뭐지?,마스터볼입니다.
가장 좋은 몬스터볼은 뭘까?,마스터볼입니다.
좋은 몬스터볼은?,마스터볼입니다.
가장 인기있는 포켓몬,해당 포켓몬 입니다.
인기있는 포켓몬,해당 포켓몬 입니다.
가장 못생긴 포켓몬,저는 질뻐기 라고 생각합니다.
못생긴 포켓몬,저는 질뻐기 라고 생각합니다.
제일 못생긴 포켓몬,저는 질뻐기 라고 생각합니다.
네 생각에 가장 못생긴 포켓몬,저는 질뻐기 라고 생각합니다.
네 생각에 못생긴 포켓몬,저는 질뻐기 라고 생각합니다.
네 생각에 제일 못생긴 포켓몬,저는 질뻐기 라고 생각합니다.
너 생각에 가장 못생긴 포켓몬,저는 질뻐기 라고 생각합니다.
너 생각에 못생긴 포켓몬,저는 질뻐기 라고 생각합니다.
너 생각에 제일 못생긴 포켓몬,저는 질뻐기 라고 생각합니다.
니 생각에 가장 못생긴 포켓몬,저는 질뻐기 라고 생각합니다.
니 생각에 못생긴 포켓몬,저는 질뻐기 라고 생각합니다.
니 생각에 제일 못생긴 포켓몬,저는 질뻐기 라고 생각합니다.
이상해씨 클릭 횟수,이상해씨 클릭 횟수는 15회 입니다.
이상해씨 클릭 횟수 알려줘,이상해씨 클릭 횟수는 15회 입니다.
이상해씨 클릭 횟수 출력해줘,이상해씨 클릭 횟수는 15회 입니다.
이상해씨 클릭 수,이상해씨 클릭 횟수는 15회 입니다.
이상해씨 클릭 수 알려줘,이상해씨 클릭 횟수는 15회 입니다.
팬텀 우승 횟수,팬텀 우승 횟수는 10회 입니다.
팬텀 우승 횟수 알려줘,팬텀 우승 횟수는 10회 입니다.
팬텀 우승 횟수 가르쳐줘,팬텀 우승 횟수는 10회 입니다.
팬텀 우승 횟수 출력해줘,팬텀 우승 횟수는 10회 입니다.
팬텀 우승 수,팬텀 우승 횟수는 10회 입니다.
팬텀 우승 수 알려줘,팬텀 우승 횟수는 10회 입니다.
팬텀 우승 수 가르쳐줘,팬텀 우승 횟수는 10회 입니다.
나 채팅치고 싶어,알겠습니다. 채팅 페이지로 이동하겠습니다.
채팅 치고 싶어,알겠습니다. 채팅 페이지로 이동하겠습니다.
채팅치고 싶어,알겠습니다. 채팅 페이지로 이동하겠습니다.
채팅 치고 싶어 나,알겠습니다. 채팅 페이지로 이동하겠습니다.
채팅 치고 싶은데?,알겠습니다. 채팅 페이지로 이동하겠습니다.
나 채팅치고 싶은데?,알겠습니다. 채팅 페이지로 이동하겠습니다.
채팅 치면 안될까 나?,알겠습니다. 채팅 페이지로 이동하겠습니다.
저 채팅 치고 싶어요.,알겠습니다. 채팅 페이지로 이동하겠습니다.
채팅치고 싶어요.,알겠습니다. 채팅 페이지로 이동하겠습니다.
채팅하기를 원해요.,알겠습니다. 채팅 페이지로 이동하겠습니다.
채팅치기를 원해요.,알겠습니다. 채팅 페이지로 이동하겠습니다.
나 하고 싶어 채팅,알겠습니다. 채팅 페이지로 이동하겠습니다.
저는 원해요 채팅을,알겠습니다. 채팅 페이지로 이동하겠습니다.
채팅하고 싶어요,알겠습니다. 채팅 페이지로 이동하겠습니다.
채팅을 하고 싶어요,알겠습니다. 채팅 페이지로 이동하겠습니다.
채팅하고 싶습니다,알겠습니다. 채팅 페이지로 이동하겠습니다.
유저들과 채팅하고 싶어요,알겠습니다. 채팅 페이지로 이동하겠습니다.
유저들과 채팅하고 싶습니다,알겠습니다. 채팅 페이지로 이동하겠습니다.
유저들과 채팅하고 싶어,알겠습니다. 채팅 페이지로 이동하겠습니다.
저는 유저들과의 채팅을 원해요,알겠습니다. 채팅 페이지로 이동하겠습니다.
나는 유저들과 채팅치고 싶어,알겠습니다. 채팅 페이지로 이동하겠습니다.
나 글을 보고 싶어.,알겠습니다. 채팅 페이지로 이동하겠습니다.
나 유저들이랑 채팅을 좀 하고 싶어,알겠습니다. 채팅 페이지로 이동하겠습니다.
나 채팅을 좀 하고 싶은데?,알겠습니다. 채팅 페이지로 이동하겠습니다.
채팅하면 안될까?,알겠습니다. 채팅 페이지로 이동하겠습니다.
유저들과 채팅을 좀 하고 싶어요,알겠습니다. 채팅 페이지로 이동하겠습니다.
유저들과 채팅을 좀 하고 싶어,알겠습니다. 채팅 페이지로 이동하겠습니다.
유저들이랑 채팅할래,알겠습니다. 채팅 페이지로 이동하겠습니다.
유저들과 채팅할래,알겠습니다. 채팅 페이지로 이동하겠습니다.
나 채팅할래,알겠습니다. 채팅 페이지로 이동하겠습니다.
나는 채팅하고 싶어,알겠습니다. 채팅 페이지로 이동하겠습니다.
나 채팅칠래,알겠습니다. 채팅 페이지로 이동하겠습니다.
나 채팅창으로 보내줘,알겠습니다. 채팅 페이지로 이동하겠습니다.
채팅창으로 보내줘,알겠습니다. 채팅 페이지로 이동하겠습니다.
채팅창으로 연결해줘,알겠습니다. 채팅 페이지로 이동하겠습니다.
채팅으로 연결해줘,알겠습니다. 채팅 페이지로 이동하겠습니다.
채팅으로 보내줘,알겠습니다. 채팅 페이지로 이동하겠습니다.
보내줘 채팅창으로,알겠습니다. 채팅 페이지로 이동하겠습니다.
연결해줘 채팅창으로,알겠습니다. 채팅 페이지로 이동하겠습니다.
보내줘 채팅으로,알겠습니다. 채팅 페이지로 이동하겠습니다.
연결해줘 채팅으로,알겠습니다. 채팅 페이지로 이동하겠습니다.
채팅으로 가고 싶어,알겠습니다. 채팅 페이지로 이동하겠습니다.
채팅창으로 가고 싶어,알겠습니다. 채팅 페이지로 이동하겠습니다.
채팅에 갈래,알겠습니다. 채팅 페이지로 이동하겠습니다.
나 채팅창에 갈래,알겠습니다. 채팅 페이지로 이동하겠습니다.
나 채팅창에 가고 싶어,알겠습니다. 채팅 페이지로 이동하겠습니다.
나 채팅으로 가고 싶어,알겠습니다. 채팅 페이지로 이동하겠습니다.
저는 채팅으로 갈래요,알겠습니다. 채팅 페이지로 이동하겠습니다.
저는 채팅창으로 갈래요,알겠습니다. 채팅 페이지로 이동하겠습니다.
채팅창으로 이동시켜줘,알겠습니다. 채팅 페이지로 이동하겠습니다.
나 채팅창으로 이동시켜줘,알겠습니다. 채팅 페이지로 이동하겠습니다.
나 채팅창으로 이동할래,알겠습니다. 채팅 페이지로 이동하겠습니다.
저를 채팅창으로 이동시켜주세요,알겠습니다. 채팅 페이지로 이동하겠습니다.
저는 채팅창으로 가고 싶어요,알겠습니다. 채팅 페이지로 이동하겠습니다.
이동시켜줘 나를 채팅창으로,알겠습니다. 채팅 페이지로 이동하겠습니다.
채팅창으로 나를 보내줘,알겠습니다. 채팅 페이지로 이동하겠습니다.
채팅창으로 보내줘 나를,알겠습니다. 채팅 페이지로 이동하겠습니다.
채팅창으로 이동시켜줘 나를,알겠습니다. 채팅 페이지로 이동하겠습니다.
게시판으로 갈래,알겠습니다. 게시판 페이지로 이동하겠습니다.
갈래 게시판으로,알겠습니다. 게시판 페이지로 이동하겠습니다.
게시판으로 이동시켜줘,알겠습니다. 게시판 페이지로 이동하겠습니다.
게시판 가기를 원해,알겠습니다. 게시판 페이지로 이동하겠습니다.
게시판을 보기를 원해,알겠습니다. 게시판 페이지로 이동하겠습니다.
게시판으로 가기를 원해,알겠습니다. 게시판 페이지로 이동하겠습니다.
나는 게시판으로 가고 싶어,알겠습니다. 게시판 페이지로 이동하겠습니다.
게시판에 무슨 글이 있는지 보고 싶어,알겠습니다. 게시판 페이지로 이동하겠습니다.
게시판에 무슨 글이 있을까?,저는 모르겠는데요. 알고 싶나요? 그럼 게시판 페이지로 이동하겠습니다.
무슨 글이 게시판에 있을까?,저는 모르겠는데요. 알고 싶나요? 그럼 게시판 페이지로 이동하겠습니다.
게시판에 무슨 일이 일어났는지 알고 싶어,알겠습니다. 게시판 페이지로 이동하겠습니다.
게시판을 보고 싶어,알겠습니다. 게시판 페이지로 이동하겠습니다.
게시판에 가고 싶어,알겠습니다. 게시판 페이지로 이동하겠습니다.
저 게시판 글을 좀 보고 싶어요,알겠습니다. 게시판 페이지로 이동하겠습니다.
게시판 글을 좀 보고 싶어,알겠습니다. 게시판 페이지로 이동하겠습니다.
나 게시판 글을 보고 싶은데,알겠습니다. 게시판 페이지로 이동하겠습니다.
저는 게시판으로 가고 싶어요,알겠습니다. 게시판 페이지로 이동하겠습니다.
나는 게시판 글을 보길 원해,알겠습니다. 게시판 페이지로 이동하겠습니다.
나 게시판으로 가고 싶은데,알겠습니다. 게시판 페이지로 이동하겠습니다.
나는 게시판에 글을 좀 볼래,알겠습니다. 게시판 페이지로 이동하겠습니다.
게시판으로 이동시켜줘,알겠습니다. 게시판 페이지로 이동하겠습니다.
이동시켜줘 게시판으로,알겠습니다. 게시판 페이지로 이동하겠습니다.
게시판으로 갈래,알겠습니다. 게시판 페이지로 이동하겠습니다.
갈래 나 게시판으로,알겠습니다. 게시판 페이지로 이동하겠습니다.
나는 원한다 게시판으로 가기를,알겠습니다. 게시판 페이지로 이동하겠습니다.
나 게시판의 글을 보고 싶은데,알겠습니다. 게시판 페이지로 이동하겠습니다.
나는 게시판의 글을 볼래,알겠습니다. 게시판 페이지로 이동하겠습니다.
나는 게시판을 볼래,알겠습니다. 게시판 페이지로 이동하겠습니다.
게시판을 보고 싶어요 저는,알겠습니다. 게시판 페이지로 이동하겠습니다.
게시판으로 갈래요 저는,알겠습니다. 게시판 페이지로 이동하겠습니다.
게시판으로 가고 싶어요 저는,알겠습니다. 게시판 페이지로 이동하겠습니다.
게시판을 볼래요 저는,알겠습니다. 게시판 페이지로 이동하겠습니다.
게시판을 볼 수 있어?,네. 볼 수 있습니다. 게시판 페이지로 이동하겠습니다.
게시판에 갈 수 있어?,갈 수 있습니다. 게시판 페이지로 이동하겠습니다.
게시판에 무슨 일이 일어났어?,저는 모르겠는데요. 알고 싶나요? 그럼 게시판 페이지로 이동하겠습니다.
무슨일이 게시판에 일어났어?,저는 모르겠는데요. 알고 싶나요? 그럼 게시판 페이지로 이동하겠습니다.
무슨일이 게시판에 일어났나요?,저는 모르겠는데요. 알고 싶나요? 그럼 게시판 페이지로 이동하겠습니다.
게시판에 무슨 일이 일어났나요?,저는 모르겠는데요. 알고 싶나요? 그럼 게시판 페이지로 이동하겠습니다.
나 쇼핑을 하고 싶어,알겠습니다. 쇼핑 페이지로 이동하겠습니다.
저는 쇼핑을 하고 싶어요,알겠습니다. 쇼핑 페이지로 이동하겠습니다.
쇼핑 하고 싶어요,알겠습니다. 쇼핑 페이지로 이동하겠습니다.
쇼핑할래,알겠습니다. 쇼핑 페이지로 이동하겠습니다.
쇼핑하길 원해,알겠습니다. 쇼핑 페이지로 이동하겠습니다.
쇼핑하길 원해요,알겠습니다. 쇼핑 페이지로 이동하겠습니다.
쇼핑하기를 원해요,알겠습니다. 쇼핑 페이지로 이동하겠습니다.
쇼핑 원해요,알겠습니다. 쇼핑 페이지로 이동하겠습니다.
쇼핑 페이지로 가고 싶어,알겠습니다. 쇼핑 페이지로 이동하겠습니다.
쇼핑 페이지로 가고 싶어요,알겠습니다. 쇼핑 페이지로 이동하겠습니다.
쇼핑을 원해요,알겠습니다. 쇼핑 페이지로 이동하겠습니다.
쇼핑하고 싶어,알겠습니다. 쇼핑 페이지로 이동하겠습니다.
쇼핑할까?,알겠습니다. 쇼핑 페이지로 이동하겠습니다.
쇼핑으로 이동시켜줘,알겠습니다. 쇼핑 페이지로 이동하겠습니다.
쇼핑을 하고 싶어,알겠습니다. 쇼핑 페이지로 이동하겠습니다.
쇼핑할까?,알겠습니다. 쇼핑 페이지로 이동하겠습니다.
쇼핑할까 나?,당연하죠. 쇼핑 페이지로 이동하겠습니다.
나는 하고 싶어 쇼핑을,알겠습니다. 쇼핑 페이지로 이동하겠습니다.
나는 원해 쇼핑을,알겠습니다. 쇼핑 페이지로 이동하겠습니다.
원해 나는 쇼핑하기를,알겠습니다. 쇼핑 페이지로 이동하겠습니다.
원해 나는 쇼핑을,알겠습니다. 쇼핑 페이지로 이동하겠습니다.
원해요 저는 쇼핑을,알겠습니다. 쇼핑 페이지로 이동하겠습니다.
저는 쇼핑을 원해요,알겠습니다. 쇼핑 페이지로 이동하겠습니다.
저는 쇼핑하러 갈래요,알겠습니다. 쇼핑 페이지로 이동하겠습니다.
나는 쇼핑하러 갈래,알겠습니다. 쇼핑 페이지로 이동하겠습니다.
쇼핑하러 갈래,알겠습니다. 쇼핑 페이지로 이동하겠습니다.
쇼핑을 좀 하고 싶어,알겠습니다. 쇼핑 페이지로 이동하겠습니다.
난 쇼핑을 좀 하고 싶어,알겠습니다. 쇼핑 페이지로 이동하겠습니다.
전 쇼핑을 좀 하고 싶어요,알겠습니다. 쇼핑 페이지로 이동하겠습니다.
전 쇼핑하길 원해요,알겠습니다. 쇼핑 페이지로 이동하겠습니다.
난 쇼핑하길 원해,알겠습니다. 쇼핑 페이지로 이동하겠습니다.
쇼핑하러 가고 싶어요,알겠습니다. 쇼핑 페이지로 이동하겠습니다.
쇼핑하러 갈래요,알겠습니다. 쇼핑 페이지로 이동하겠습니다.
갈래요 저는 쇼핑하러,알겠습니다. 쇼핑 페이지로 이동하겠습니다.
가고 싶어요 쇼핑하러,알겠습니다. 쇼핑 페이지로 이동하겠습니다.
쇼핑 페이지로 보내줘,알겠습니다. 쇼핑 페이지로 이동하겠습니다.
쇼핑 페이지로 보내주세요,알겠습니다. 쇼핑 페이지로 이동하겠습니다.
쇼핑으로 보내주세요,알겠습니다. 쇼핑 페이지로 이동하겠습니다.
쇼핑에 보내주세요,알겠습니다. 쇼핑 페이지로 이동하겠습니다.
뭘 좀 사고 싶어요,알겠습니다. 쇼핑 페이지로 이동하겠습니다.
이 페이지에서 뭘 좀 사고 싶어요,알겠습니다. 쇼핑 페이지로 이동하겠습니다.
아이템을 사고 싶어요,알겠습니다. 쇼핑 페이지로 이동하겠습니다.
아이템을 살 수 있나요?,알겠습니다. 쇼핑 페이지로 이동하겠습니다.
이 페이지에서 뭘 좀 살 수 있나요?,당연하죠. 살 수 있습니다. 쇼핑 페이지로 이동하겠습니다.
쇼핑을 할 수 있나요?,당연하죠. 쇼핑 페이지로 이동하겠습니다.
이 웹사이트에서 쇼핑을 할 수 있나요?,네. 쇼핑 페이지로 이동하겠습니다.
이 사이트에서 쇼핑을 할 수 있나요?,네. 쇼핑 페이지로 이동하겠습니다.
쇼핑으로 보내줘,알겠습니다. 쇼핑 페이지로 이동하겠습니다.
이 페이지에서 뭘 살 수 있어?,포켓몬에 관련된 아이템과 굿즈를 살 수 있습니다. 지금 쇼핑 페이지로 이동하겠습니다.
이 사이트에서 쇼핑을 할 수 있어?,네 당연하죠. 쇼핑 페이지로 이동하겠습니다.
아이템을 살 수 있어?,네. 쇼핑 페이지로 이동하겠습니다.
아이템을 사고 싶어,알겠습니다. 쇼핑 페이지로 이동하겠습니다.
아이템을 좀 사고 싶은데 나는,알겠습니다. 쇼핑 페이지로 이동하겠습니다.
아이템을 좀 사고 싶은데,알겠습니다. 쇼핑 페이지로 이동하겠습니다.
아이템을 좀 사고 싶어,알겠습니다. 쇼핑 페이지로 이동하겠습니다.
아이템 살래,알겠습니다. 쇼핑 페이지로 이동하겠습니다.
아이템 살 수 있어?,네. 쇼핑 페이지로 이동하겠습니다.
아이템 살 수 있어 지금?,알겠습니다. 쇼핑 페이지로 이동하겠습니다.
지금 쇼핑할 수 있어?,가능합니다. 쇼핑 페이지로 이동하겠습니다.
지금 쇼핑 가능해?,가능합니다. 쇼핑 페이지로 이동하겠습니다.
나 아이템 사려고 하는데,알겠습니다. 쇼핑 페이지로 이동하겠습니다.
저는 아이템을 사려고 하는데요,알겠습니다. 쇼핑 페이지로 이동하겠습니다.
전 아이템 사려고 왔어요,알겠습니다. 쇼핑 페이지로 이동하겠습니다.
나 아이템 사려고 왔어,알겠습니다. 쇼핑 페이지로 이동하겠습니다.
나 쇼핑하려고 왔어,알겠습니다. 쇼핑 페이지로 이동하겠습니다.
저는 쇼핑하려고 왔어요,알겠습니다. 쇼핑 페이지로 이동하겠습니다.
저는 아이템 사려고 왔어요,알겠습니다. 쇼핑 페이지로 이동하겠습니다.
나 아이템 사고 싶어,알겠습니다. 쇼핑 페이지로 이동하겠습니다.
저 아이템 사려고요,알겠습니다. 쇼핑 페이지로 이동하겠습니다.
아이템 사려고 난,알겠습니다. 쇼핑 페이지로 이동하겠습니다.
아이템 살 수 있어요?,알겠습니다. 쇼핑 페이지로 이동하겠습니다.
아이템 구매 가능해요?,알겠습니다. 쇼핑 페이지로 이동하겠습니다.
지금 아이템 구매 가능해요?,가능합니다. 쇼핑 페이지로 이동하겠습니다.
아이템 구매 가능해?,가능합니다. 쇼핑 페이지로 이동하겠습니다.
지금 굿즈 구매 가능해?,가능합니다. 쇼핑 페이지로 이동하겠습니다.
굿즈 구매 가능해?,가능합니다. 쇼핑 페이지로 이동하겠습니다.
굿즈 살 수 있어?,가능합니다. 쇼핑 페이지로 이동하겠습니다.
굿즈 살래,알겠습니다. 쇼핑 페이지로 이동하겠습니다.
나 굿즈 사고 싶어,알겠습니다. 쇼핑 페이지로 이동하겠습니다.
굿즈 사려고 나,알겠습니다. 쇼핑 페이지로 이동하겠습니다.
전 굿즈를 좀 사고 싶어요,알겠습니다. 쇼핑 페이지로 이동하겠습니다.
지금 굿즈를 살 수 있나요?,알겠습니다. 쇼핑 페이지로 이동하겠습니다.
굿즈 구매를 원해요,알겠습니다. 쇼핑 페이지로 이동하겠습니다.
굿즈 좀 사고 싶어요,알겠습니다. 쇼핑 페이지로 이동하겠습니다.
굿즈랑 아이템 살래요,알겠습니다. 쇼핑 페이지로 이동하겠습니다.
굿즈랑 아이템 살래,알겠습니다. 쇼핑 페이지로 이동하겠습니다.
굿즈 구경 좀 하고 싶어,알겠습니다. 쇼핑 페이지로 이동하겠습니다.
굿즈 구경을 좀 하고 싶어요,알겠습니다. 쇼핑 페이지로 이동하겠습니다.
아이템 구경을 좀 하고 싶어요,알겠습니다. 쇼핑 페이지로 이동하겠습니다.
아이템 구경을 좀 할래,알겠습니다. 쇼핑 페이지로 이동하겠습니다.
아이템이랑 굿즈 살래,알겠습니다. 쇼핑 페이지로 이동하겠습니다.
아이템이랑 굿즈 사고 싶어요,알겠습니다. 쇼핑 페이지로 이동하겠습니다.
저 아이템이랑 굿즈 사러 갈래요,알겠습니다. 쇼핑 페이지로 이동하겠습니다.
나 아이템이랑 굿즈 사러 갈래,알겠습니다. 쇼핑 페이지로 이동하겠습니다.
나 이상형월드컵 하고 싶어,알겠습니다. 투표 페이지로 이동하겠습니다.
이상형월드컵 하고 싶어,알겠습니다. 투표 페이지로 이동하겠습니다.
이상형 월드컵 하고 싶어,알겠습니다. 투표 페이지로 이동하겠습니다.
이상형 월드컵 할래,알겠습니다. 투표 페이지로 이동하겠습니다.
이상형 월드컵 어때?,좋습니다. 투표 페이지로 이동하겠습니다.
이상형 월드컵 한 판 어때?,좋습니다. 투표 페이지로 이동하겠습니다.
저는 이상형 월드컵이 하고 싶어요,알겠습니다. 투표 페이지로 이동하겠습니다.
이상형 월드컵이 하고 싶어요,알겠습니다. 투표 페이지로 이동하겠습니다.
이상형 월드컵 할래요,알겠습니다. 투표 페이지로 이동하겠습니다.
이상형 월드컵을 하고 싶어요,알겠습니다. 투표 페이지로 이동하겠습니다.
저는 이상형 월드컵을 할래요,알겠습니다. 투표 페이지로 이동하겠습니다.
전 이상형 월드컵이 하고 싶어요,알겠습니다. 투표 페이지로 이동하겠습니다.
이상형 월드컵이 저는 하고 싶어요,알겠습니다. 투표 페이지로 이동하겠습니다.
이상형 월드컵이 난 하고 싶어,알겠습니다. 투표 페이지로 이동하겠습니다.
여행가고 싶은 마을 투표가 열렸다던데?,맞아요. 바로 투표 페이지로 이동하겠습니다.
여행가고 싶은 마을 투표를 하고 싶어,알겠습니다. 투표 페이지로 이동하겠습니다.
마을 투표를 하고 싶어,알겠습니다. 투표 페이지로 이동하겠습니다.
마을 투표가 있다던데 맞아?,맞습니다. 바로 투표 페이지로 이동하겠습니다.
이상형 월드컵이 있다던데 맞아?,맞습니다. 바로 투표 페이지로 이동하겠습니다.
이상형 월드컵이 있다던데 맞나요?,맞습니다. 바로 투표 페이지로 이동하겠습니다.
마을 투표가 있다던데 맞나요?,맞습니다. 바로 투표 페이지로 이동하겠습니다.
이상형 월드컵을 할 수 있나요?,네 가능합니다. 바로 투표 페이지로 이동하겠습니다.
이상형 월드컵이 지금 가능한가요?,네 가능합니다. 바로 투표 페이지로 이동하겠습니다.
선호하는 마을 투표를 지금 할 수 있나요?,알겠습니다. 투표 페이지로 이동하겠습니다.
내가 선호하는 마을 투표를 하고 싶어요,알겠습니다. 투표 페이지로 이동하겠습니다.
내가 선호하는 마을 투표를 하고 싶어,알겠습니다. 투표 페이지로 이동하겠습니다.
마을 투표할래,알겠습니다. 투표 페이지로 이동하겠습니다.
마을 투표 하고 싶어요,알겠습니다. 투표 페이지로 이동하겠습니다.
나는 투표하고 싶어,알겠습니다. 투표 페이지로 이동하겠습니다.
저는 투표하고 싶어요,알겠습니다. 투표 페이지로 이동하겠습니다.
지금 투표를 할 수 있나요?,네 가능합니다. 바로 투표 페이지로 이동하겠습니다.
투표 하기를 원해요,알겠습니다. 투표 페이지로 이동하겠습니다.
투표할래,알겠습니다. 투표 페이지로 이동하겠습니다.
내가 선호하는 마을 투표할래,알겠습니다. 투표 페이지로 이동하겠습니다.
내가 원하는 포켓몬 이상형 월드컵할래,알겠습니다. 투표 페이지로 이동하겠습니다.
내가 원하는 마을 투표할래,알겠습니다. 투표 페이지로 이동하겠습니다.
내가 뽑고 싶은 포켓몬 이상형 월드컵할래,알겠습니다. 투표 페이지로 이동하겠습니다.
포인트 충전 하고 싶어,알겠습니다. 포인트 충전 페이지로 이동하겠습니다.
포인트 충전할래,알겠습니다. 포인트 충전 페이지로 이동하겠습니다.
포인트 충전 어떻게 해?,알겠습니다. 포인트 충전 페이지로 이동하겠습니다.
포인트 충전하기를 원해,알겠습니다. 포인트 충전 페이지로 이동하겠습니다.
포인트 충전하고 싶어요,알겠습니다. 포인트 충전 페이지로 이동하겠습니다.
포인트 충전은 어떻게 하나요?,자세한 방법은 포인트 충전 페이지에서 확인 가능합니다. 바로 포인트 충전 페이지로 이동하겠습니다.
포인트를 충전하고 싶어요,알겠습니다. 포인트 충전 페이지로 이동하겠습니다.
포인트를 충전할래요,알겠습니다. 포인트 충전 페이지로 이동하겠습니다.
포인트 충전을 하고 싶어요,알겠습니다. 포인트 충전 페이지로 이동하겠습니다.
포인트 충전 방법을 알려주세요,자세한 방법은 포인트 충전 페이지에서 확인 가능합니다. 바로 포인트 충전 페이지로 이동하겠습니다.
포인트 충전,알겠습니다. 포인트 충전 페이지로 이동하겠습니다.
포인트를 충전,알겠습니다. 포인트 충전 페이지로 이동하겠습니다.
충전하고 싶어 포인트,알겠습니다. 포인트 충전 페이지로 이동하겠습니다.
포인트 충전하겠습니다,알겠습니다. 포인트 충전 페이지로 이동하겠습니다.
충전하겠습니다 포인트를,알겠습니다. 포인트 충전 페이지로 이동하겠습니다.
충전할래 포인트,알겠습니다. 포인트 충전 페이지로 이동하겠습니다.
포인트 충전 지금 가능해?,네 가능합니다. 포인트 충전 페이지로 이동하겠습니다.
포인트 충전 지금 가능한가요?,네 가능합니다. 포인트 충전 페이지로 이동하겠습니다.
포인트 충전을 지금 하고 싶어요,네 가능합니다. 포인트 충전 페이지로 이동하겠습니다.
저는 포인트 충전을 하고 싶습니다.,네 가능합니다. 포인트 충전 페이지로 이동하겠습니다.
포인트 충전을 하고 싶습니다.,알겠습니다. 포인트 충전 페이지로 이동하겠습니다.
나 포인트 충전할래.,알겠습니다. 포인트 충전 페이지로 이동하겠습니다.
저는 지금 포인트 충전할게요,알겠습니다. 포인트 충전 페이지로 이동하겠습니다.
포인트 충전 하기를 원해요,알겠습니다. 포인트 충전 페이지로 이동하겠습니다.
나 포인트 충전을 원해,알겠습니다. 포인트 충전 페이지로 이동하겠습니다.
포인트 충전하러 가고 싶어,알겠습니다. 포인트 충전 페이지로 이동하겠습니다.
포인트 충전을 하러 가고 싶어요,알겠습니다. 포인트 충전 페이지로 이동하겠습니다.
포인트 충전 페이지로 이동시켜줘,알겠습니다. 포인트 충전 페이지로 이동하겠습니다.
포인트 충전 페이지로 이동시켜주세요,알겠습니다. 포인트 충전 페이지로 이동하겠습니다.
포인트 충전 페이지로 이동하고 싶어,알겠습니다. 포인트 충전 페이지로 이동하겠습니다.
포인트 충전 페이지로 이동하고 싶어요,알겠습니다. 포인트 충전 페이지로 이동하겠습니다.
포인트 충전 페이지로 가고 싶어요,알겠습니다. 포인트 충전 페이지로 이동하겠습니다.
포인트 충전 페이지로 가고 싶어,알겠습니다. 포인트 충전 페이지로 이동하겠습니다.
포켓몬 종족값에 대해 알고 싶어.,알겠습니다. 종족값 페이지로 이동하겠습니다.
포켓몬 종족값에 대해 알고 싶어요,알겠습니다. 종족값 페이지로 이동하겠습니다.
종족값 리스트에 대해 알고 싶어,알겠습니다. 종족값 페이지로 이동하겠습니다.
종족값 리스트에 대해 알고 싶어요,알겠습니다. 종족값 페이지로 이동하겠습니다.
종족값을 보고 싶어요,알겠습니다. 종족값 페이지로 이동하겠습니다.
종족값 볼래,알겠습니다. 종족값 페이지로 이동하겠습니다.
나 알고 싶어 종족값,알겠습니다. 종족값 페이지로 이동하겠습니다.
저는 종족값을 알고 싶습니다.,알겠습니다. 종족값 페이지로 이동하겠습니다.
종족값을 알고 싶어요 저는,알겠습니다. 종족값 페이지로 이동하겠습니다.
종족값을 어떻게 알 수 있나요?,종족값 페이지로 가면 됩니다. 지금 바로 종족값 페이지로 이동하겠습니다.
종족값 어떻게 알 수 있어?,종족값 페이지로 가면 됩니다. 지금 바로 종족값 페이지로 이동하겠습니다.
종족값을 어떻게 볼 수 있어?,종족값 페이지로 가면 됩니다. 지금 바로 종족값 페이지로 이동하겠습니다.
종족값을 알려줘,알겠습니다. 종족값 페이지로 이동하겠습니다.
종족값을 알려주세요,알겠습니다. 종족값 페이지로 이동하겠습니다.
종족값을 보여줘,알겠습니다. 종족값 페이지로 이동하겠습니다.
종족값을 보여주세요,알겠습니다. 종족값 페이지로 이동하겠습니다.
종족값 정보를 보여주세요,알겠습니다. 종족값 페이지로 이동하겠습니다.
종족값 정보를 보여줘,알겠습니다. 종족값 페이지로 이동하겠습니다.
종족값 정보를 알려줘,알겠습니다. 종족값 페이지로 이동하겠습니다.
종족값 정보를 알려주세요,알겠습니다. 종족값 페이지로 이동하겠습니다.
종족값 보여줘,알겠습니다. 종족값 페이지로 이동하겠습니다.
종족값 보여주세요,알겠습니다. 종족값 페이지로 이동하겠습니다.
종족값 볼 수 있는 방법,있습니다. 종족값 페이지에서 볼 수 있습니다. 지금 바로 종족값 페이지로 이동하겠습니다.
종족값을 한 눈에 볼 수 있는 방법이 있나요?,있습니다. 지금 바로 종족값 페이지로 이동하겠습니다.
종족값 한 눈에 볼 수 있는 방법 있어?,있습니다. 지금 바로 종족값 페이지로 이동하겠습니다.
종족값 페이지로 이동시켜줘,알겠습니다. 종족값 페이지로 이동하겠습니다.
종족값 페이지로 이동시켜주세요,알겠습니다. 종족값 페이지로 이동하겠습니다.
종족값 페이지로 가고 싶어,알겠습니다. 종족값 페이지로 이동하겠습니다.
종족값 페이지로 가고 싶어요,알겠습니다. 종족값 페이지로 이동하겠습니다.
승률 예측은 어떻게 해?,승률 예측 페이지가 있습니다. 승률 예측 페이지로 이동하겠습니다.
1 대 1 대전 정보를 알고 싶어,승률 예측 페이지에서 확인 가능합니다. 승률 예측 페이지로 이동하겠습니다.
승률 예측을 하고 싶어.,알겠습니다. 승률 예측 페이지로 이동하겠습니다.
1 대 1 대결 비교를 하고 싶어,알겠습니다. 승률 예측 페이지로 이동하겠습니다.
1 대 1 대전 비교를 하고 싶어,알겠습니다. 승률 예측 페이지로 이동하겠습니다.
포켓몬 간의 1 대 1 대전 비교를 하고 싶어,알겠습니다. 승률 예측 페이지로 이동하겠습니다.
포켓몬 간의 1 대 1 대결 비교를 하고 싶어,알겠습니다. 승률 예측 페이지로 이동하겠습니다.
포켓몬 간의 1 대 1 대전 비교,알겠습니다. 승률 예측 페이지로 이동하겠습니다.
포켓몬 간의 1 대 1 대결 비교,알겠습니다. 승률 예측 페이지로 이동하겠습니다.
포켓몬 간의 1 대 1,알겠습니다. 승률 예측 페이지로 이동하겠습니다.
포켓몬 간의 1 대 1 대전,알겠습니다. 승률 예측 페이지로 이동하겠습니다.
포켓몬 간의 1 대 1 대결,알겠습니다. 승률 예측 페이지로 이동하겠습니다.
포켓몬 1 대 1 대전,알겠습니다. 승률 예측 페이지로 이동하겠습니다.
포켓몬 1 대 1 대결,알겠습니다. 승률 예측 페이지로 이동하겠습니다.
포켓몬 1 대 1 대결 비교,알겠습니다. 승률 예측 페이지로 이동하겠습니다.
포켓몬 1 대 1 대전 비교,알겠습니다. 승률 예측 페이지로 이동하겠습니다.
포켓몬 승률 예측 가능해?,가능합니다. 승률 예측 페이지에서 확인 가능합니다. 바로 승률 예측 페이지로 이동하겠습니다.
포켓몬 승률 예측이 가능한가요?,가능합니다. 승률 예측 페이지에서 확인 가능합니다. 바로 승률 예측 페이지로 이동하겠습니다.
포켓몬 승률을 알 수 있는 방법이 있나요?,있습니다. 승률 예측 페이지에서 확인 가능합니다. 바로 승률 예측 페이지로 이동하겠습니다.
포켓몬 승률을 알고 싶어,알겠습니다. 바로 승률 예측 페이지로 이동하겠습니다.
포켓몬끼리 간이 대전을 하고 싶어,알겠습니다. 바로 승률 예측 페이지로 이동하겠습니다.
포켓몬끼리 간이 대전을 하고 싶어요,알겠습니다. 바로 승률 예측 페이지로 이동하겠습니다.
포켓몬끼리 승률을 알 수 있나요?,알 수 있습니다. 승률 예측 페이지에서 확인 가능합니다. 지금 바로 승률 예측 페이지로 이동하겠습니다.
포켓몬간의 승률을 알고 싶어,알겠습니다. 바로 승률 예측 페이지로 이동하겠습니다.
포켓몬끼리 승률을 알 수 있어?,알 수 있습니다. 승률 예측 페이지에서 확인 가능합니다. 지금 바로 승률 예측 페이지로 이동하겠습니다.
포켓몬의 승률 예측이 가능해?,가능합니다. 승률 예측 페이지에서 알 수 있습니다. 지금 바로 승률 예측 페이지로 이동하겠습니다.
포켓몬 승률 예측 결과,알겠습니다. 승률 예측 페이지로 이동하겠습니다.
포켓몬 승률 예측 결과를 어디서 볼 수 있어?,승률 예측 페이지에서 확인 가능합니다. 지금 바로 승률 예측 페이지로 이동하겠습니다.
포켓몬 승률 예측 결과를 어디서 볼 수 있나요?,승률 예측 페이지에서 확인 가능합니다. 지금 바로 승률 예측 페이지로 이동하겠습니다.
각 포켓몬에 대한 승률 예측 결과를 알고 싶어요,승률 예측 페이지에서 확인 가능합니다. 지금 바로 승률 예측 페이지로 이동하겠습니다.
각각의 포켓몬에 대한 승률 예측 결과를 알고 싶어,알겠습니다. 승률 예측 페이지로 이동하겠습니다.
포켓몬 승률을 예측해보고 싶어,알겠습니다. 승률 예측 페이지로 이동하겠습니다.
포켓몬에 대한 승률을 예측해보고 싶어요,알겠습니다. 승률 예측 페이지로 이동하겠습니다.
포켓몬의 승률을 어떻게 알 수 있나요?,승률 예측 페이지에서 알 수 있습니다. 지금 바로 승률 예측 페이지로 이동하겠습니다.
포켓몬 승률 예측해볼래,알겠습니다. 바로 승률 예측 페이지로 이동하겠습니다.
포켓몬의 승률 예측을 어떻게 할 수 있나요?,"포켓몬의 스탯과 기술과 타입 별 강점, 약점을 통해 계산합니다. 예측에 대한 것은 승률 예측 페이지에서 확인 가능합니다. 승률 예측 페이지로 이동하겠습니다."
포켓몬에 대한 승률 예측,알겠습니다. 바로 승률 예측 페이지로 이동하겠습니다.
포켓몬 대전하기,알겠습니다. 바로 승률 예측 페이지로 이동하겠습니다.
포켓몬간의 대전,알겠습니다. 바로 승률 예측 페이지로 이동하겠습니다.
포켓몬 승률 예측 결과를 보고 싶어,알겠습니다. 바로 승률 예측 페이지로 이동하겠습니다.
포켓몬 승률 예측을 보고 싶어요,알겠습니다. 바로 승률 예측 페이지로 이동하겠습니다.
오늘 날씨 알려줘,오늘 날씨의 온도와 강수량을 알려드리겠습니다.
오늘 날씨가 어떤가요?,오늘 날씨의 온도와 강수량을 알려드리겠습니다.
오늘 기온이 어떻게 되나요?,오늘 날씨의 온도와 강수량을 알려드리겠습니다.
오늘 외출하기 좋은 날씨인가요?,오늘 날씨의 온도와 강수량을 알려드리겠습니다.
오늘 기상 정보 좀 알려줘,오늘 날씨의 온도와 강수량을 알려드리겠습니다.
오늘 하늘 상태는 어떤가요?,오늘 날씨의 온도와 강수량을 알려드리겠습니다.
오늘 날씨는 어떤지 궁금해요,오늘 날씨의 온도와 강수량을 알려드리겠습니다.
오늘 날씨가 따뜻한가요?,오늘 날씨의 온도와 강수량을 알려드리겠습니다.
오늘 날씨에 대한 업데이트 부탁해,오늘 날씨의 온도와 강수량을 알려드리겠습니다.
오늘 날씨는 뭔지 알고싶어,오늘 날씨의 온도와 강수량을 알려드리겠습니다.
오늘 외출 시 날씨가 어떤지 알려줘,오늘 날씨의 온도와 강수량을 알려드리겠습니다.
오늘 날씨 상황을 알려줘,오늘 날씨의 온도와 강수량을 알려드리겠습니다.
게시판의 인기 키워드는 뭐야?,오늘 게시판의 현재 인기 키워드를 알려드리겠습니다.
게시판에서 가장 많이 언급되는 키워드는 뭐야?,오늘 게시판의 현재 인기 키워드를 알려드리겠습니다.
현재 인기 있는 게시글의 키워드를 알려줘,오늘 게시판의 현재 인기 키워드를 알려드리겠습니다.
요즘 자주 나오는 키워드가 뭐야?,오늘 게시판의 현재 인기 키워드를 알려드리겠습니다.
게시판에서 핫한 주제가 뭐야?,오늘 게시판의 현재 인기 키워드를 알려드리겠습니다.
최근에 주목받고 있는 키워드가 있나요?,오늘 게시판의 현재 인기 키워드를 알려드리겠습니다.
게시판의 트렌디한 키워드를 알려줘.,오늘 게시판의 현재 인기 키워드를 알려드리겠습니다.
지금 인기 있는 키워드 목록을 보여줘.,오늘 게시판의 현재 인기 키워드를 알려드리겠습니다.
요즘 게시판에서 어떤 키워드가 떠오르고 있나요?,오늘 게시판의 현재 인기 키워드를 알려드리겠습니다.
최근 게시물의 인기 키워드는 무엇인가요?,오늘 게시판의 현재 인기 키워드를 알려드리겠습니다.
현재 게시판에서 어떤 주제가 가장 많이 논의되고 있나요?,오늘 게시판의 현재 인기 키워드를 알려드리겠습니다.
게시판의 인기 있는 키워드 트렌드는 뭐야?,오늘 게시판의 현재 인기 키워드를 알려드리겠습니다.
지금 게시판에서 화제가 되고 있는 키워드는 뭐야?,오늘 게시판의 현재 인기 키워드를 알려드리겠습니다.
포켓몬 인기 랭킹을 알고 싶어.,알겠습니다. 포켓몬 랭킹 페이지로 이동하겠습니다.
포켓몬 인기 순위를 알고 싶어.,알겠습니다. 포켓몬 랭킹 페이지로 이동하겠습니다.
포켓몬 인기 순위를 알고 싶어요.,알겠습니다. 포켓몬 랭킹 페이지로 이동하겠습니다.
포켓몬 인기 순위를 알고 싶네요.,알겠습니다. 포켓몬 랭킹 페이지로 이동하겠습니다.
포켓몬 인기 랭킹을 알고 싶네요.,알겠습니다. 포켓몬 랭킹 페이지로 이동하겠습니다.
포켓몬 인기 랭킹을 알려줘.,알겠습니다. 포켓몬 랭킹 페이지로 이동하겠습니다.
포켓몬 인기 랭킹을 알려주세요.,알겠습니다. 포켓몬 랭킹 페이지로 이동하겠습니다.
포켓몬 인기 랭킹을 어떻게 알 수 있나요?,포켓몬 렝킹 페이지에서 확인 가능합니다. 이동시켜드릴게요.
포켓몬 인기 랭킹을 어떻게 알 수 있어?,포켓몬 렝킹 페이지에서 확인 가능합니다. 이동시켜드릴게요.
포켓몬 인기 랭킹 알 수 있어?,알 수 있습니다. 포켓몬 랭킹 페이지에서 확인 가능합니다. 이동시켜드리겠습니다.
포켓몬 인기 랭킹 알 수 있나요?,당연합니다. 포켓몬 랭킹 페이지에서 확인하세요. 이동시켜드리겠습니다.
포켓몬들의 인기 순위를 보여줘,알겠습니다. 포켓몬 랭킹 페이지로 이동하겠습니다.
포켓몬들의 랭킹 순위를 보여줘,알겠습니다. 포켓몬 랭킹 페이지로 이동하겠습니다.
포켓몬 인기 순위,알겠습니다. 포켓몬 랭킹 페이지로 이동하겠습니다.
포켓몬 랭킹 순위,알겠습니다. 포켓몬 랭킹 페이지로 이동하겠습니다.
나 포켓몬 랭킹을 알고 싶어,알겠습니다. 포켓몬 랭킹 페이지로 이동하겠습니다.
저 포켓몬 랭킹을 알고 싶어요,알겠습니다. 포켓몬 랭킹 페이지로 이동하겠습니다.
난 포켓몬 랭킹을 보고 싶어.,알겠습니다. 포켓몬 랭킹 페이지로 이동하겠습니다.
전 포켓몬 랭킹을 보고 싶네요,알겠습니다. 포켓몬 랭킹 페이지로 이동하겠습니다.
포켓몬 랭킹 페이지로 이동시켜줘,알겠습니다. 포켓몬 랭킹 페이지로 이동하겠습니다.
포켓몬 랭킹 페이지로 이동시켜주실 수 있나요?,알겠습니다. 포켓몬 랭킹 페이지로 이동하겠습니다.
포켓몬 랭킹 알고 싶어 나,알겠습니다. 포켓몬 랭킹 페이지로 이동하겠습니다.
포켓몬 랭킹을 알고 싶어요 저는,알겠습니다. 포켓몬 랭킹 페이지로 이동하겠습니다.
포켓몬 랭킹을 알 수 있을까?,당연하죠. 포켓몬 랭킹 페이지로 이동하겠습니다.
포켓몬 랭킹을 알 수 있을까요?,당연하죠. 포켓몬 랭킹 페이지로 이동하겠습니다.
포켓몬 랭킹을 알 수 있는 방법,있습니다. 포켓몬 랭킹 페이지에서 확인하세요. 이동시켜드리겠습니다.
포켓몬 랭킹을 볼 수 있는 방법,있습니다. 포켓몬 랭킹 페이지에서 확인하세요. 이동시켜드리겠습니다.
포인트 내역 알려줘,알겠습니다. 포인트 내역을 알려드리겠습니다.
포인트 내역 알려주세요,알겠습니다. 포인트 내역을 알려드리겠습니다.
포인트 알려주세요,알겠습니다. 포인트 내역을 알려드리겠습니다.
내 포인트가 얼마 있어,알겠습니다. 포인트 내역을 알려드리겠습니다.
제 포인트가 얼마 있나요?,알겠습니다. 포인트 내역을 알려드리겠습니다.
제 포인트가 얼마나 있죠?,알겠습니다. 포인트 내역을 알려드리겠습니다.
내 포인트 확인할래,알겠습니다. 포인트 내역을 알려드리겠습니다.
내 포인트 확인하고 싶어,알겠습니다. 포인트 내역을 알려드리겠습니다.
제 포인트를 확인할래요,알겠습니다. 포인트 내역을 알려드리겠습니다.
제 포인트를 확인하고 싶어요,알겠습니다. 포인트 내역을 알려드리겠습니다.
포인트 얼마나 남았나요 혹시,알겠습니다. 포인트 내역을 알려드리겠습니다.
포인트 얼마 남았어?,알겠습니다. 포인트 내역을 알려드리겠습니다.
포인트 내역을 확인하고 싶어,알겠습니다. 포인트 내역을 알려드리겠습니다.
포인트 얼마 있어 나?,알겠습니다. 포인트 내역을 알려드리겠습니다.
포인트가 얼마나 있나요 저는?,알겠습니다. 포인트 내역을 알려드리겠습니다.
포인트 내역에 대해 알고 싶어,알겠습니다. 포인트 내역을 알려드리겠습니다.
포인트 내역 확인할래,알겠습니다. 포인트 내역을 알려드리겠습니다.
포인트 내역에 대해 확인하고 싶어요,알겠습니다. 포인트 내역을 알려드리겠습니다.
포인트 내역 확인이 가능할까요?,알겠습니다. 포인트 내역을 알려드리겠습니다.
포인트 내역 확인할래,알겠습니다. 포인트 내역을 알려드리겠습니다.
포인트 내역을 확인하고 싶어,알겠습니다. 포인트 내역을 알려드리겠습니다.
포인트 확인,알겠습니다. 포인트 내역을 알려드리겠습니다.
포인트 내역 확인,알겠습니다. 포인트 내역을 알려드리겠습니다.
남은 포인트 확인,알겠습니다. 포인트 내역을 알려드리겠습니다.
남은 포인트 알려줘,알겠습니다. 포인트 내역을 알려드리겠습니다.
남은 포인트 얼마야,알겠습니다. 포인트 내역을 알려드리겠습니다.
남은 포인트 알려주세요,알겠습니다. 포인트 내역을 알려드리겠습니다.
남은 포인트가 얼마나 되나요,알겠습니다. 포인트 내역을 알려드리겠습니다.
남은 포인트를 확인하고 싶어,알겠습니다. 포인트 내역을 알려드리겠습니다.
장바구니 확인하고 싶어,알겠습니다. 장바구니 내역을 알려드리겠습니다.
장바구니 확인할래,알겠습니다. 장바구니 내역을 알려드리겠습니다.
장바구니 확인 가능해?,알겠습니다. 장바구니 내역을 알려드리겠습니다.
장바구니 출력해줘,알겠습니다. 장바구니 내역을 알려드리겠습니다.
장바구니 내역 보여줘,알겠습니다. 장바구니 내역을 알려드리겠습니다.
장바구니 보여줘,알겠습니다. 장바구니 내역을 알려드리겠습니다.
장바구니 내역 보고 싶어,알겠습니다. 장바구니 내역을 알려드리겠습니다.
장바구니 내역 출력해줘,알겠습니다. 장바구니 내역을 알려드리겠습니다.
나 장바구니 보고 싶은데,알겠습니다. 장바구니 내역을 알려드리겠습니다.
장바구니에 물품 뭐 있어?,알겠습니다. 장바구니 내역을 알려드리겠습니다.
장바구니에 물품이 뭐가 있나요?,알겠습니다. 장바구니 내역을 알려드리겠습니다.
저는 장바구니를 확인하고 싶어요,알겠습니다. 장바구니 내역을 알려드리겠습니다.
저는 장바구니를 확인할래요,알겠습니다. 장바구니 내역을 알려드리겠습니다.
장바구니 확인할 수 있어?,알겠습니다. 장바구니 내역을 알려드리겠습니다.
장바구니 내역 보여줄 수 있니?,알겠습니다. 장바구니 내역을 알려드리겠습니다.
장바구니 확인할 수 있나요 혹시?,알겠습니다. 장바구니 내역을 알려드리겠습니다.
장바구니 내역을 보여주실 수 있나요?,알겠습니다. 장바구니 내역을 알려드리겠습니다.
저는 장바구니에 뭐가 있는지 궁금해요,알겠습니다. 장바구니 내역을 알려드리겠습니다.
내 장바구니에 뭐가 있는지 궁금해,알겠습니다. 장바구니 내역을 알려드리겠습니다.
내 장바구니에 뭐가 있어?,알겠습니다. 장바구니 내역을 알려드리겠습니다.
내 장바구니에 뭐 들어있어?,알겠습니다. 장바구니 내역을 알려드리겠습니다.
제 장바구니에 뭐가 들어있나요?,알겠습니다. 장바구니 내역을 알려드리겠습니다.
제 장바구니에 뭐가 있는지 볼 수 있나요?,알겠습니다. 장바구니 내역을 알려드리겠습니다.
내 장바구니에 뭐가 있는지 보고 싶어,알겠습니다. 장바구니 내역을 알려드리겠습니다.
내역 좀 보여줘 장바구니에 뭐가 있는지,알겠습니다. 장바구니 내역을 알려드리겠습니다.
볼 수 있을까 장바구니에 뭐가 있는지,알겠습니다. 장바구니 내역을 알려드리겠습니다.
장바구니 볼래,알겠습니다. 장바구니 내역을 알려드리겠습니다.
장바구니를 확인하고 싶어요,알겠습니다. 장바구니 내역을 알려드리겠습니다.
장바구니 확인,알겠습니다. 장바구니 내역을 알려드리겠습니다.
장바구니 내역 확인,알겠습니다. 장바구니 내역을 알려드리겠습니다.
장바구니 보기,알겠습니다. 장바구니 내역을 알려드리겠습니다.
장바구니 내역 보기,알겠습니다. 장바구니 내역을 알려드리겠습니다.
장바구니에 뭐가 들었는지,알겠습니다. 장바구니 내역을 알려드리겠습니다.
장바구니에 뭐가 들어있는지,알겠습니다. 장바구니 내역을 알려드리겠습니다.
장바구니 출력,알겠습니다. 장바구니 내역을 알려드리겠습니다.
장바구니 내역 출력,알겠습니다. 장바구니 내역을 알려드리겠습니다.
주문 내역 알려줘,알겠습니다. 주문 내역을 알려드리겠습니다.
내 주문 내역을 알려줘,알겠습니다. 주문 내역을 알려드리겠습니다.
제 주문 내역을 알려주세요,알겠습니다. 주문 내역을 알려드리겠습니다.
주문 내역을 보고 싶어요,알겠습니다. 주문 내역을 알려드리겠습니다.
주문 내역 보고 싶어요,알겠습니다. 주문 내역을 알려드리겠습니다.
제 주문 내역이 궁금해요,알겠습니다. 주문 내역을 알려드리겠습니다.
내 주문 내역이 궁금해,알겠습니다. 주문 내역을 알려드리겠습니다.
주문 내역 확인,알겠습니다. 주문 내역을 알려드리겠습니다.
주문 내역 보기,알겠습니다. 주문 내역을 알려드리겠습니다.
내가 뭘 주문했는지 알고 싶어,알겠습니다. 주문 내역을 알려드리겠습니다.
제가 무엇을 주문했는지 알고 싶어요,알겠습니다. 주문 내역을 알려드리겠습니다.
제가 무엇을 주문했는지 알고 싶네요,알겠습니다. 주문 내역을 알려드리겠습니다.
제가 뭘 주문했는지 알 수 있나요?,알겠습니다. 주문 내역을 알려드리겠습니다.
나 무슨 주문했는지 알려줄 수 있어?,알겠습니다. 주문 내역을 알려드리겠습니다.
주문 내역 출력,알겠습니다. 주문 내역을 알려드리겠습니다.
주문 내역을 출력해줘,알겠습니다. 주문 내역을 알려드리겠습니다.
주문 내역을 출력해주세요,알겠습니다. 주문 내역을 알려드리겠습니다.
주문 뭐뭐 했는지 궁금함,알겠습니다. 주문 내역을 알려드리겠습니다.
주문 뭐 했을까 내가,알겠습니다. 주문 내역을 알려드리겠습니다.
주문 뭘했는지 알려줘,알겠습니다. 주문 내역을 알려드리겠습니다.
주문 뭐 했었나요 제가?,알겠습니다. 주문 내역을 알려드리겠습니다.
무슨 주문을 했나요 제가?,알겠습니다. 주문 내역을 알려드리겠습니다.
뭘 주문 했나요 제가?,알겠습니다. 주문 내역을 알려드리겠습니다.
뭘 주문 했었어 내가?,알겠습니다. 주문 내역을 알려드리겠습니다.
내가 뭘 주문 했어?,알겠습니다. 주문 내역을 알려드리겠습니다.
뭘 주문했는지 까먹어서 좀 알려줘,알겠습니다. 주문 내역을 알려드리겠습니다.
제가 뭘 주문했었는지 까먹어서 주문 내역을 알려주세요,알겠습니다. 주문 내역을 알려드리겠습니다.
내가 뭘 주문했는지 기억이 안나서 알려줘,알겠습니다. 주문 내역을 알려드리겠습니다.
주문을 뭘 했는지 알려줄래,알겠습니다. 주문 내역을 알려드리겠습니다.
주문 뭐 했나요 제가,알겠습니다. 주문 내역을 알려드리겠습니다.
주문이 어떻게 됐나요,알겠습니다. 주문 내역을 알려드리겠습니다.
주문이 어떻게 들어갔어?,알겠습니다. 주문 내역을 알려드리겠습니다.
주문 어떻게 됐는지 알려줘,알겠습니다. 주문 내역을 알려드리겠습니다.
주문이 어떻게 들어갔는지 알려주세요,알겠습니다. 주문 내역을 알려드리겠습니다.
내 정보를 알려줘.,알겠습니다. 마이 페이지 정보를 출력해드릴게요.
내 정보를 알고 싶어,알겠습니다. 마이 페이지 정보를 출력해드릴게요.
제 정보를 알려주세요,알겠습니다. 마이 페이지 정보를 출력해드릴게요.
제 정보를 알고 싶어요,알겠습니다. 마이 페이지 정보를 출력해드릴게요.
내 정보 확인,알겠습니다. 마이 페이지 정보를 출력해드릴게요.
제 정보를 확인하고 싶어요,알겠습니다. 마이 페이지 정보를 출력해드릴게요.
내 정보를 확인할래,알겠습니다. 마이 페이지 정보를 출력해드릴게요.
제 정보를 확인할래요,알겠습니다. 마이 페이지 정보를 출력해드릴게요.
내 정보 확인 방법,알겠습니다. 마이 페이지 정보를 출력해드릴게요.
제 정보 확인 방법,알겠습니다. 마이 페이지 정보를 출력해드릴게요.
마이 페이지 정보 확인,알겠습니다. 마이 페이지 정보를 출력해드릴게요.
마이 페이지에서 내 정보를 확인하고 싶어요,알겠습니다. 마이 페이지 정보를 출력해드릴게요.
마이 페이지의 내 정보 출력,알겠습니다. 마이 페이지 정보를 출력해드릴게요.
마이 페이지 내 정보 출력,알겠습니다. 마이 페이지 정보를 출력해드릴게요.
마이 페이지의 내 정보를 출력해줘,알겠습니다. 마이 페이지 정보를 출력해드릴게요.
마이 페이지 내 정보 띄워줘,알겠습니다. 마이 페이지 정보를 출력해드릴게요.
마이 페이지에서 제 정보를 출력해주세요,알겠습니다. 마이 페이지 정보를 출력해드릴게요.
마이 페이지 안의 제 정보를 띄워주세요,알겠습니다. 마이 페이지 정보를 출력해드릴게요.
마이 페이지에서 볼 수 있는 제 정보를 알려주세요,알겠습니다. 마이 페이지 정보를 출력해드릴게요.
마이 페이지에서 무슨 정보를 알 수 있어?,알겠습니다. 마이 페이지 정보를 출력해드릴게요.
마이 페이지 안에 내 정보를 보여줘,알겠습니다. 마이 페이지 정보를 출력해드릴게요.
마이 페이지에 있는 내 정보를 띄워줘,알겠습니다. 마이 페이지 정보를 출력해드릴게요.
마이 페이지에 있는 내 정보를 출력해줘,알겠습니다. 마이 페이지 정보를 출력해드릴게요.
마이 페이지에서 제 정보를 볼 수 있나요?,알겠습니다. 마이 페이지 정보를 출력해드릴게요.
제 정보를 출력해주세요,알겠습니다. 마이 페이지 정보를 출력해드릴게요.
내 정보 출력해줘,알겠습니다. 마이 페이지 정보를 출력해드릴게요.
내 정보 출력 가능해?,가능합니다. 마이 페이지 정보를 출력해드릴게요.
제 정보 출력이 가능한가요?,가능합니다. 마이 페이지 정보를 출력해드릴게요.
제가 제 정보를 확인하고 싶어요,알겠습니다. 마이 페이지 정보를 출력해드릴게요.
이 웹사이트에서의 내 정보를 확인하고 싶어요,알겠습니다. 마이 페이지 정보를 출력해드릴게요.
지금 로그인한 계정의 정보를 확인하고 싶어요,알겠습니다. 마이 페이지 정보를 출력해드릴게요.
지금 로그인한 계정의 정보를 출력해줘,알겠습니다. 마이 페이지 정보를 출력해드릴게요.
지금 로그인하고 있는 계정의 정보를 알려줘,알겠습니다. 마이 페이지 정보를 출력해드릴게요.
로그인 중인 계정의 정보를 알려줘,알겠습니다. 마이 페이지 정보를 출력해드릴게요.
로그인 중인 계정의 정보를 보고 싶어,알겠습니다. 마이 페이지 정보를 출력해드릴게요.
로그인 중인 계정의 정보를 출력해줘,알겠습니다. 마이 페이지 정보를 출력해드릴게요.
현재 로그인하고 있는 계정의 정보를 알려주세요,알겠습니다. 마이 페이지 정보를 출력해드릴게요.
현재 로그인 중인 계정의 정보를 알려줘,알겠습니다. 마이 페이지 정보를 출력해드릴게요.
현재 로그인하고 있는 계정의 정보를 출력해줘,알겠습니다. 마이 페이지 정보를 출력해드릴게요.
현재 로그인 중인 계정의 정보를 보고 싶어,알겠습니다. 마이 페이지 정보를 출력해드릴게요.
내 정보를 보고 싶은데,알겠습니다. 마이 페이지 정보를 출력해드릴게요.
제 정보를 보고 싶은데요,알겠습니다. 마이 페이지 정보를 출력해드릴게요.
제가 제 정보를 볼 수 있을까요?,가능합니다. 마이 페이지 정보를 출력해드릴게요.
내 정보를 내가 볼 수 있어 지금?,가능합니다. 마이 페이지 정보를 출력해드릴게요.
제 정보에 대해 알려주세요.,알겠습니다. 마이 페이지 정보를 출력해드릴게요.
내 정보에 대해 알려줘,알겠습니다. 마이 페이지 정보를 출력해드릴게요.
현재 로그인한 계정에 대한 정보를 알려줘,알겠습니다. 마이 페이지 정보를 출력해드릴게요.
현재 로그인하고 있는 계정에 대해 알려줘,알겠습니다. 마이 페이지 정보를 출력해드릴게요.
계정 정보 알려줘,알겠습니다. 마이 페이지 정보를 출력해드릴게요.
계정 정보를 알고 싶어,알겠습니다. 마이 페이지 정보를 출력해드릴게요.
계정 정보를 알려주세요,알겠습니다. 마이 페이지 정보를 출력해드릴게요.
계정 정보를 출력해주세요,알겠습니다. 마이 페이지 정보를 출력해드릴게요.
내 계정 정보를 알 수 있을까,물론이죠. 마이 페이지 정보를 출력해드릴게요.
제 계정 정보를 알 수 있나요,물론이죠. 마이 페이지 정보를 출력해드릴게요.
계정 정보를 알고 싶은데,알겠습니다. 마이 페이지 정보를 출력해드릴게요.
계정 정보를 알고 싶은데요,알겠습니다. 마이 페이지 정보를 출력해드릴게요.
